City,Lat,Lng,Max Temp,Humidity,Cloudiness,Wind Speed,Country,Date
Bredasdorp,-34.53,20.04,64.4,68,100,4.7,ZA,1603655086
Wagar,16.15,36.2,88.86,32,32,11.74,SD,1603655086
Bira,49.0,132.47,34.07,88,0,3.56,RU,1603655086
Jamestown,42.1,-79.24,46.0,63,90,10.29,US,1603654935
Naze,28.37,129.48,64.4,88,90,3.36,JP,1603655071
Tiksi,71.69,128.87,4.69,90,100,30.51,RU,1603655087
Cape Town,-33.93,18.42,63.0,82,20,16.11,ZA,1603655010
Ushuaia,-54.8,-68.3,51.8,50,40,3.36,AR,1603655023
Grindavik,63.84,-22.43,42.8,87,75,10.29,IS,1603655088
Yellowknife,62.46,-114.35,28.4,74,75,8.05,CA,1603654842
Wanning,18.8,110.4,75.99,92,100,4.92,CN,1603655068
Yenagoa,4.92,6.26,76.55,91,58,3.71,NG,1603655088
Kongolo,-5.38,27.0,72.0,92,100,5.12,CD,1603655088
Albany,42.6,-73.97,50.0,42,0,5.39,US,1603655089
Belmonte,-15.86,-38.88,78.8,78,75,12.75,BR,1603655089
Krasnosel'kup,65.7,82.47,4.48,94,0,9.37,RU,1603655089
Pevek,69.7,170.31,26.78,97,100,7.36,RU,1603655089
Rikitea,-23.12,-134.97,73.81,80,100,19.08,PF,1603655019
Ugoofaaru,5.67,73.0,81.55,76,99,10.22,MV,1603655090
Ribeira Grande,38.52,-28.7,66.2,77,75,3.36,PT,1603655090
Morón,-34.65,-58.62,73.0,94,75,5.82,AR,1603654925
Puerto Ayora,-0.74,-90.35,78.8,69,40,20.8,EC,1603655090
Port Alfred,-33.59,26.89,65.71,80,93,2.55,ZA,1603655091
Guatire,10.48,-66.54,79.0,67,78,1.01,VE,1603655091
Talakan,50.32,130.37,32.92,94,0,2.95,RU,1603655091
Kapaa,22.08,-159.32,82.99,83,40,3.62,US,1603655091
Busselton,-33.65,115.33,55.0,64,0,0.43,AU,1603655035
Barrow,71.29,-156.79,26.6,73,90,3.36,US,1603655092
Abu Samrah,35.3,37.18,68.77,24,6,6.44,SY,1603655092
Pingzhuang,42.04,119.29,44.87,54,94,3.44,CN,1603655092
College,64.86,-147.8,28.99,85,75,3.42,US,1603654967
East London,-33.02,27.91,67.42,71,97,2.75,ZA,1603655093
Vaini,-21.2,-175.2,69.8,100,90,9.17,TO,1603655093
Mataura,-46.19,168.86,46.99,97,99,2.15,NZ,1603654839
Qaanaaq,77.48,-69.36,12.72,80,100,12.08,GL,1603655093
Manitouwadge,49.12,-85.84,30.2,50,90,3.36,CA,1603655093
Santa Rosa,14.31,121.11,77.0,94,90,13.87,PH,1603655094
Punta Arenas,-53.15,-70.92,44.6,81,40,8.05,CL,1603655013
Petropavlovsk-Kamchatskiy,53.05,158.65,39.2,100,90,3.69,RU,1603655019
Padang,-0.95,100.35,78.15,72,100,3.42,ID,1603655094
Adrar,20.5,-10.07,91.27,11,15,7.23,MR,1603655094
Castro,-24.79,-50.01,72.75,72,1,2.77,BR,1603655044
Labuhan,-6.88,112.21,79.52,83,99,8.81,ID,1603655095
Ballina,-28.87,153.57,64.4,93,90,4.7,AU,1603655095
Codrington,-38.27,141.97,47.46,71,1,14.79,AU,1603655095
Cuyamel,15.67,-88.2,86.0,78,90,4.7,HN,1603655095
Mar del Plata,-38.0,-57.56,63.0,100,90,3.36,AR,1603655095
Hampton,37.03,-76.35,64.0,100,90,13.87,US,1603655096
Bluff,-46.6,168.33,46.99,97,36,8.86,NZ,1603655021
Qeshm,26.96,56.27,73.4,35,0,6.93,IR,1603655096
Alofi,-19.06,-169.92,75.69,82,100,17.72,NU,1603654809
Tasiilaq,65.61,-37.64,32.0,98,100,1.12,GL,1603655096
Aswān,24.09,32.91,76.78,29,0,13.31,EG,1603655097
Loa Janan,-0.58,117.09,74.39,96,100,1.45,ID,1603655097
Vila,42.03,-8.16,45.0,94,100,5.35,PT,1603655097
Conde,-7.26,-34.91,80.6,78,40,11.41,BR,1603654900
Cayenne,4.93,-52.33,89.6,55,0,11.41,GF,1603655097
Isangel,-19.55,169.27,75.85,74,7,10.76,VU,1603655097
Waingapu,-9.66,120.26,78.69,78,100,4.07,ID,1603655098
Norman Wells,65.28,-126.83,21.2,92,75,8.37,CA,1603655098
Bethel,41.37,-73.41,53.01,48,40,5.82,US,1603655098
Sitka,57.05,-135.33,42.8,75,90,12.75,US,1603655099
Eureka,40.8,-124.16,57.0,76,75,5.82,US,1603655024
Cabo San Lucas,22.89,-109.91,93.2,49,20,3.36,MX,1603655084
Vardø,70.37,31.11,37.4,69,75,18.34,NO,1603655099
Kerrville,30.05,-99.14,78.8,65,90,13.87,US,1603655099
Avera,33.19,-82.53,80.01,78,90,4.7,US,1603655100
Penzance,50.12,-5.54,48.2,76,40,8.05,GB,1603655100
Moram,17.8,76.47,72.99,78,62,7.18,IN,1603655100
São João da Barra,-21.64,-41.05,71.6,94,90,9.17,BR,1603655101
Carnarvon,-24.87,113.63,69.8,88,75,17.22,AU,1603655101
Dikson,73.51,80.55,18.12,97,100,13.71,RU,1603655101
Shelburne,44.08,-80.2,46.99,60,20,5.82,CA,1603655101
Nome,64.5,-165.41,37.4,86,90,4.7,US,1603654835
Hofn,64.25,-15.21,43.93,77,100,13.44,IS,1603655102
Port Keats,-14.25,129.55,81.57,84,40,8.19,AU,1603655102
Port Elizabeth,-33.92,25.57,62.6,100,100,6.93,ZA,1603655102
Amarante do Maranhão,-5.57,-46.74,86.27,57,100,6.55,BR,1603655103
Chokurdakh,70.63,147.92,6.03,93,0,9.89,RU,1603655103
Havøysund,71.0,24.66,33.8,74,20,39.15,NO,1603655103
Motygino,58.18,94.76,23.47,90,96,3.15,RU,1603655104
Daru,-9.08,143.21,76.78,90,63,6.24,PG,1603655105
Kruisfontein,-34.0,24.73,62.01,90,100,10.67,ZA,1603655105
Verkhnevilyuysk,63.45,120.32,19.78,96,100,8.3,RU,1603655105
Alenquer,-1.94,-54.74,93.2,46,20,8.05,BR,1603655105
Leningradskiy,69.38,178.42,23.5,89,49,6.11,RU,1603655105
Caravelas,-17.71,-39.25,73.62,96,100,6.44,BR,1603655106
Hirara,24.8,125.28,75.42,67,99,14.97,JP,1603655076
Bandarbeyla,9.49,50.81,76.24,78,1,12.71,SO,1603655106
Souillac,-20.52,57.52,75.2,73,75,14.99,MU,1603655106
Lethem,3.38,-59.8,94.59,41,72,6.4,GY,1603655107
Hithadhoo,-0.6,73.08,82.98,71,27,5.39,MV,1603655028
Sørland,67.67,12.69,44.6,87,75,16.11,NO,1603655107
Hamamatsu,34.7,137.73,57.0,71,100,3.0,JP,1603654809
Katobu,-4.94,122.53,75.16,87,93,2.17,ID,1603655107
Perth,-31.93,115.83,66.0,67,0,6.93,AU,1603655102
Sawtell,-30.38,153.1,62.6,93,90,5.82,AU,1603655108
Sayyan,15.17,44.32,52.9,33,1,3.47,YE,1603655108
Dillon,34.42,-79.37,69.8,100,90,10.29,US,1603655108
North Bend,43.41,-124.22,60.01,40,1,10.29,US,1603655108
San Estanislao,10.4,-75.15,86.0,74,75,9.17,CO,1603655109
Provost,52.35,-110.27,25.5,70,2,11.12,CA,1603655109
Ponta do Sol,32.67,-17.1,68.0,68,20,3.36,PT,1603655109
Touros,-5.2,-35.46,84.2,70,40,16.11,BR,1603655109
Half Moon Bay,37.46,-122.43,64.99,72,75,5.82,US,1603655110
Hobart,-42.88,147.33,46.4,70,75,6.93,AU,1603655110
Mongoumba,3.64,18.59,72.63,92,99,1.52,CF,1603655110
Coari,-4.08,-63.14,83.28,70,80,4.52,BR,1603655110
Bålsta,59.57,17.53,53.01,93,75,14.99,SE,1603655111
Oranjemund,-28.55,16.43,59.16,84,35,18.75,NA,1603655111
Nicoya,10.15,-85.45,78.8,94,75,3.36,CR,1603655102
Kumul,42.8,93.45,37.6,69,2,4.23,CN,1603655111
Salalah,17.02,54.09,77.0,57,0,5.82,OM,1603655112
Thompson,55.74,-97.86,26.6,53,90,13.87,CA,1603655112
Thoen,17.61,99.22,72.48,91,100,1.05,TH,1603655112
Khatanga,71.97,102.5,6.35,95,90,9.93,RU,1603655112
Butaritari,3.07,172.79,81.09,70,62,9.17,KI,1603655113
Chase,50.82,-119.69,30.99,64,100,1.32,CA,1603655113
Egersund,58.45,6.0,48.0,98,46,15.82,NO,1603655113
Lebu,-37.62,-73.65,54.16,59,0,9.62,CL,1603655113
Cidreira,-30.18,-50.21,70.41,84,3,22.32,BR,1603655114
Jackson,42.42,-122.83,54.0,21,1,8.05,US,1603654984
Qandala,11.47,49.87,78.33,41,100,5.91,SO,1603655114
Te Anau,-45.42,167.72,43.59,87,100,5.17,NZ,1603655114
Port Hedland,-20.32,118.57,69.8,94,100,9.17,AU,1603654877
Lagoa,39.05,-27.98,64.09,63,23,6.04,PT,1603655115
Muros,42.78,-9.06,48.99,89,98,1.01,ES,1603655115
Najrān,17.49,44.13,68.0,15,0,1.16,SA,1603655115
Nikolskoye,59.7,30.79,42.8,87,90,4.47,RU,1603655115
Cam Ranh,11.92,109.16,78.8,88,75,3.36,VN,1603655116
Salamiyah,35.01,37.05,63.95,28,0,2.24,SY,1603655116
Ishigaki,24.34,124.16,76.12,66,100,13.8,JP,1603655116
Upernavik,72.79,-56.15,13.87,76,63,4.18,GL,1603655117
Yar-Sale,66.83,70.83,11.88,96,70,9.93,RU,1603655117
Hermanus,-34.42,19.23,62.01,78,98,1.99,ZA,1603655117
Wewak,-3.55,143.63,79.39,80,100,6.58,PG,1603655118
Hilo,19.73,-155.09,82.4,74,40,5.82,US,1603655118
Ola,59.58,151.28,36.73,79,100,9.78,RU,1603655118
Eldorado,-23.79,-54.28,88.41,49,86,1.95,BR,1603655119
Alice Springs,-23.7,133.88,59.0,38,0,9.17,AU,1603654895
Kochubey,44.39,46.58,61.25,63,71,6.91,RU,1603655119
New Norfolk,-42.78,147.06,41.0,71,3,1.77,AU,1603655119
Requena,39.49,-1.1,55.99,64,100,5.01,ES,1603655120
George Town,5.41,100.34,77.0,94,40,2.24,MY,1603655049
Saint Paul Harbor,57.79,-152.41,48.2,87,90,19.46,US,1603655120
Whitianga,-36.83,175.7,64.99,94,0,3.0,NZ,1603655120
Saint George,37.1,-113.58,73.0,30,53,18.34,US,1603655002
Cherskiy,68.75,161.3,13.01,96,100,1.16,RU,1603655120
Saldanha,-33.01,17.94,60.8,72,47,9.17,ZA,1603655121
Kralendijk,12.15,-68.27,89.6,62,75,17.22,BQ,1603655121
Turukhansk,65.82,87.98,2.86,93,57,5.64,RU,1603655121
Kailua,21.4,-157.74,82.99,78,90,4.7,US,1603655121
São Filipe,14.9,-24.5,83.1,60,90,17.52,CV,1603655122
Vaitape,-16.52,-151.75,80.85,67,0,4.68,PF,1603655122
Bitung,1.45,125.18,75.2,94,40,8.99,ID,1603655122
Nerchinskiy Zavod,51.31,119.61,29.03,93,100,0.67,RU,1603655123
Itarema,-2.92,-39.92,82.29,70,90,18.39,BR,1603655123
Paciran,-6.88,112.38,80.02,81,99,5.53,ID,1603655123
Faanui,-16.48,-151.75,80.02,69,0,4.61,PF,1603655123
Galle,6.04,80.22,79.21,85,100,7.58,LK,1603655123
Bukama,-9.2,25.85,77.81,55,32,2.42,CD,1603655124
Vestmannaeyjar,63.44,-20.27,42.8,81,75,2.24,IS,1603655124
Port Macquarie,-31.43,152.92,61.0,92,95,1.99,AU,1603655124
Manggar,-2.88,108.27,80.94,81,100,6.31,ID,1603655125
Saint-Philippe,-21.36,55.77,69.8,73,0,6.93,RE,1603654838
Birao,10.28,22.79,81.88,35,93,2.98,CF,1603655125
Altay,47.87,88.12,26.6,72,51,1.88,CN,1603655076
Avarua,-21.21,-159.78,73.4,83,49,13.87,CK,1603655125
Arraial do Cabo,-22.97,-42.03,73.4,78,75,5.82,BR,1603655126
Mawlaik,23.63,94.42,73.0,93,50,1.57,MM,1603655126
Batagay-Alyta,67.8,130.41,6.94,85,4,5.5,RU,1603655126
Bilma,18.69,12.92,75.34,19,0,5.82,NE,1603655126
Cockburn Town,21.46,-71.14,83.48,77,100,25.32,TC,1603655077
Marsh Harbour,26.54,-77.06,79.56,78,100,14.38,BS,1603655127
Waipawa,-41.41,175.52,61.0,93,89,21.92,NZ,1603655127
Wukari,7.85,9.78,78.53,71,96,2.66,NG,1603655073
Mayo,38.89,-76.51,50.0,100,90,4.7,US,1603655127
Nouadhibou,20.93,-17.03,75.2,64,100,12.75,MR,1603655128
Atuona,-9.8,-139.03,78.93,74,0,20.0,PF,1603655128
Saint-Pierre,-21.34,55.48,69.8,73,0,5.82,RE,1603655128
Maputo,-25.97,32.59,75.99,83,0,12.75,MZ,1603654966
Airai,-8.93,125.41,61.59,100,97,1.34,TL,1603655129
Flinders,-34.58,150.86,57.0,87,100,7.0,AU,1603655129
Haines Junction,60.75,-137.51,28.99,90,100,1.41,CA,1603655129
Indramayu,-6.33,108.32,81.09,77,100,3.33,ID,1603655129
Santa Maria,-29.68,-53.81,86.67,55,99,3.76,BR,1603654900
Palmital,-22.79,-50.22,87.44,43,88,7.74,BR,1603655130
Makakilo City,21.35,-158.09,82.4,69,1,3.36,US,1603655130
Baia,47.42,26.22,54.0,93,75,6.93,RO,1603655130
Boali,4.8,18.13,72.82,89,98,1.36,CF,1603655131
Tuatapere,-46.13,167.68,46.99,97,82,5.7,NZ,1603655131
Leningradskaya,46.32,39.39,58.91,73,100,6.58,RU,1603655132
Tangará,-6.2,-35.8,84.2,70,40,16.11,BR,1603655132
Amga,60.9,131.96,7.21,91,0,2.42,RU,1603655132
Coquimbo,-29.95,-71.34,66.2,55,0,16.11,CL,1603654917
Magdagachi,53.45,125.8,28.33,97,48,2.1,RU,1603655132
Shingū,33.73,135.98,52.16,69,85,5.35,JP,1603655133
Walvis Bay,-22.96,14.51,60.8,77,0,5.82,NA,1603655133
Acaraú,-2.89,-40.12,83.05,69,73,20.24,BR,1603655055
Vilyuysk,63.76,121.62,18.34,96,100,8.88,RU,1603655133
Mahibadhoo,3.78,72.97,82.26,78,100,8.77,MV,1603655134
Berlevåg,70.86,29.09,33.8,86,75,14.99,NO,1603655134
Bermejo,-32.88,-68.8,60.8,55,75,9.17,AR,1603655134
Chui,-33.7,-53.46,71.56,79,100,15.39,UY,1603655134
Innisfail,-17.53,146.03,72.84,89,27,2.48,AU,1603655134
San Vicente,-26.62,-54.13,92.28,28,23,1.23,AR,1603655135
Pavelets,53.79,39.25,46.99,87,83,1.01,RU,1603655135
Keti Bandar,24.14,67.45,78.3,54,0,7.07,PK,1603655135
Iqaluit,63.75,-68.51,8.6,84,20,8.05,CA,1603655136
Kavieng,-2.57,150.8,81.82,74,100,1.81,PG,1603655136
Chon Buri,13.3,101.3,84.0,59,61,1.36,TH,1603655136
Podosinovets,60.28,47.07,30.42,98,89,6.69,RU,1603655136
Bambous Virieux,-20.34,57.76,75.2,73,75,14.99,MU,1603655136
Bilibino,68.05,166.44,14.85,92,98,2.15,RU,1603655137
Moree,-29.47,149.85,50.0,100,0,3.62,AU,1603655137
Bereda,43.27,-7.54,45.0,97,72,8.99,ES,1603655137
Poum,-20.23,164.02,76.51,75,30,17.18,NC,1603655137
Hasaki,35.73,140.83,50.0,100,75,4.54,JP,1603655138
Hong Kong,22.29,114.16,75.0,80,100,4.0,HK,1603654992
Beringovskiy,63.05,179.32,29.8,94,58,3.38,RU,1603655138
Shakiso,5.75,38.92,60.69,93,97,1.07,ET,1603655138
Husavik,66.04,-17.34,42.8,81,75,9.17,IS,1603655139
Nuuk,64.18,-51.72,26.6,79,100,12.75,GL,1603655139
Mossamedes,-15.2,12.15,68.83,79,52,4.65,AO,1603655055
Lompoc,34.64,-120.46,66.2,59,90,9.17,US,1603655092
Skibbereen,51.55,-9.27,42.8,87,20,10.29,IE,1603655045
Saint-Ambroise,48.55,-71.33,37.4,40,20,17.22,CA,1603655139
High Rock,26.62,-78.28,80.6,88,90,11.41,BS,1603655140
Senanga,-16.12,23.27,79.97,18,46,8.61,ZM,1603655140
Kayan,16.91,96.56,78.8,88,100,3.36,MM,1603655140
Linjiang,41.81,126.91,35.06,84,2,1.39,CN,1603655140
Udachny,66.42,112.4,-4.0,91,0,2.24,RU,1603655140
Kenscoff,18.45,-72.29,91.4,52,40,23.04,HT,1603655141
Berezovyy,51.67,135.7,32.29,94,0,3.11,RU,1603655141
Geraldton,-28.77,114.6,62.6,88,0,6.93,AU,1603655141
Alanya,36.54,32.0,64.4,59,0,5.82,TR,1603655141
Hornepayne,49.21,-84.77,30.36,85,100,5.57,CA,1603655142
Bengkulu,-3.8,102.27,74.93,89,100,4.18,ID,1603654989
Antalaha,-14.9,50.28,70.25,83,1,6.98,MG,1603655142
Carroll,39.55,-77.02,45.0,93,100,6.55,US,1603655142
Kudahuvadhoo,2.67,72.89,82.15,78,80,9.71,MV,1603655142
Santiago del Estero,-27.8,-64.26,95.02,34,47,18.01,AR,1603655143
Tuktoyaktuk,69.45,-133.04,23.0,92,90,23.04,CA,1603655143
El Salvador,13.83,-88.92,84.2,69,40,2.24,SV,1603655143
Karratha,-20.74,116.85,64.69,91,100,12.66,AU,1603655143
Ilulissat,69.22,-51.1,15.8,52,43,6.93,GL,1603655105
Zhigansk,66.77,123.37,-1.91,88,0,5.23,RU,1603655144
Klaksvík,62.23,-6.59,44.6,87,0,8.05,FO,1603655144
Irgakly,44.36,44.76,58.89,62,67,6.24,RU,1603655144
Baykit,61.67,96.37,11.66,92,56,1.21,RU,1603655145
São Félix do Xingu,-6.64,-51.99,92.14,43,100,2.73,BR,1603655145
Ouanaminthe,19.55,-71.73,86.0,62,75,8.05,HT,1603655145
Shimanovsk,52.0,127.7,30.99,94,20,2.64,RU,1603655145
‘Āhuimanu,21.44,-157.84,82.99,78,90,4.7,US,1603655145
Micheweni,-4.97,39.83,78.13,83,1,8.23,TZ,1603655101
Donskoye,45.46,41.97,55.4,87,0,2.24,RU,1603655129
Ukiah,39.15,-123.21,55.99,71,40,4.0,US,1603654951
Lavrentiya,65.58,-171.0,33.26,91,95,8.99,RU,1603655146
Tessalit,20.2,1.01,82.18,14,0,9.93,ML,1603655146
Tucumcari,35.17,-103.72,39.2,64,90,18.34,US,1603655147
Buala,-8.14,159.59,80.06,77,99,1.61,SB,1603655147
Nyurba,63.28,118.33,19.17,91,100,9.46,RU,1603655147
Torbay,47.67,-52.73,45.0,93,90,24.16,CA,1603655148
Ust'-Uda,54.17,103.03,23.11,92,0,4.97,RU,1603655148
Lüderitz,-26.65,15.16,66.2,50,71,24.94,NA,1603655148
Rincon,32.3,-81.24,84.99,62,75,4.7,US,1603655148
Ancud,-41.87,-73.82,57.0,54,75,16.11,CL,1603655149
Kasamwa,-2.85,32.43,70.29,75,11,2.68,TZ,1603655149
Kayerkan,69.35,87.76,10.4,85,75,13.42,RU,1603655149
Gararu,-9.97,-37.08,86.38,56,30,18.48,BR,1603655149
Safi,32.3,-9.24,65.46,73,0,12.91,MA,1603655149
Fortuna,40.6,-124.16,57.0,76,75,5.82,US,1603655074
Cururupu,-1.83,-44.87,84.52,64,35,6.67,BR,1603655150
Elizabeth City,36.29,-76.25,68.0,94,90,17.22,US,1603655150
Arlit,18.74,7.39,82.56,14,0,16.08,NE,1603655098
Stornoway,58.21,-6.39,50.0,93,86,24.16,GB,1603655151
Aklavik,68.22,-135.01,24.8,79,75,23.04,CA,1603655151
Koumac,-20.57,164.28,75.27,71,0,4.05,NC,1603655151
Medicine Hat,50.05,-110.67,18.0,61,20,13.87,CA,1603655215
Muli,2.92,73.57,81.93,80,94,10.16,MV,1603655152
Broome,42.25,-75.83,52.0,52,71,1.01,US,1603655152
Kenai,60.55,-151.26,39.2,86,90,16.11,US,1603655023
Khani,41.96,42.96,53.6,76,0,4.7,GE,1603655152
Grevená,40.08,21.43,51.8,62,0,4.7,GR,1603655153
Wajima,37.4,136.9,60.89,66,67,13.15,JP,1603655153
Alugan,12.22,125.48,79.75,85,100,16.02,PH,1603655125
Sarangani,5.4,125.46,82.94,76,100,13.87,PH,1603655153
Mossendjo,-2.95,12.73,71.53,98,100,4.7,CG,1603654994
Arroyo de la Encomienda,41.61,-4.8,48.0,81,40,16.11,ES,1603655154
Margate,51.38,1.39,51.01,66,94,4.0,GB,1603655024
Būlaevo,54.91,70.44,37.17,95,99,6.38,KZ,1603655154
Gimry,42.76,46.84,66.2,34,0,13.42,RU,1603655155
Shellbrook,53.22,-106.4,26.6,53,90,11.41,CA,1603655155
Sindor,62.86,51.89,24.91,99,99,2.35,RU,1603655155
Andenes,69.31,16.12,41.0,75,75,21.92,NO,1603655156
Prince Rupert,54.32,-130.32,41.0,48,90,5.82,CA,1603655150
Namatanai,-3.67,152.43,79.2,82,97,2.71,PG,1603655156
Kaitangata,-46.28,169.85,48.99,97,100,1.99,NZ,1603655156
Bathsheba,13.22,-59.52,87.8,66,40,18.34,BB,1603655156
Sobolevo,54.43,31.9,46.18,87,81,4.47,RU,1603655157
Cabinda,-5.55,12.2,77.32,83,93,9.42,AO,1603655157
Esperance,-33.87,121.9,53.6,71,0,17.22,AU,1603655157
Buraidah,26.33,43.98,71.6,19,0,3.36,SA,1603655157
Datong,40.09,113.29,50.31,60,46,2.08,CN,1603655158
Tefé,-3.35,-64.71,91.4,59,40,3.36,BR,1603655158
Taoudenni,22.68,-3.98,88.47,12,0,7.29,ML,1603655158
Hambantota,6.12,81.12,80.6,83,0,5.82,LK,1603655221
San Ramon,37.78,-121.98,66.2,55,90,5.82,US,1603655072
Ulaangom,49.98,92.07,26.1,74,100,5.17,MN,1603655222
Ulladulla,-35.35,150.47,55.99,76,75,13.87,AU,1603655222
Nabire,-3.37,135.48,75.09,87,93,3.47,ID,1603655222
Hokitika,-42.72,170.97,59.27,96,100,14.88,NZ,1603655222
Talcahuano,-36.72,-73.12,60.8,51,0,14.99,CL,1603655222
Katsuura,35.13,140.3,57.2,67,0,6.93,JP,1603654928
Saskylakh,71.92,114.08,8.87,93,100,12.17,RU,1603655223
Kinkala,-4.36,14.76,74.79,86,100,3.18,CG,1603655223
Maceió,-9.67,-35.74,82.4,74,0,11.41,BR,1603655223
Rawson,-43.3,-65.1,67.06,25,14,23.2,AR,1603655132
Qasigiannguit,68.82,-51.19,15.8,52,54,6.93,GL,1603655224
Puerto Colombia,10.99,-74.95,87.8,66,75,2.24,CO,1603655054
Palu,-0.89,119.87,76.15,81,99,2.59,ID,1603655224
Kaabong,3.48,34.15,71.42,57,84,12.3,UG,1603655225
Umluj,25.02,37.27,79.61,58,0,5.55,SA,1603655225
Broken Hill,-31.95,141.43,41.0,80,0,4.7,AU,1603655225
Amapá,1.0,-52.0,91.78,43,27,3.31,BR,1603655042
Sistranda,63.73,8.83,46.4,87,0,13.87,NO,1603655225
Akureyri,65.68,-18.09,42.8,81,75,9.17,IS,1603655226
Novobirilyussy,56.95,90.67,28.09,81,100,4.94,RU,1603655226
Cap Malheureux,-19.98,57.61,70.0,90,39,5.99,MU,1603655226
Alyangula,-13.85,136.42,80.6,88,75,4.7,AU,1603655226
Shahr-e Bābak,30.12,55.12,46.98,47,0,4.61,IR,1603655227
Isiro,2.77,27.62,68.38,99,100,2.68,CD,1603655227
Dakar,14.69,-17.44,84.2,83,84,2.24,SN,1603654980
Upington,-28.45,21.26,78.8,12,0,8.05,ZA,1603655227
Kibala,9.11,18.35,78.84,46,45,2.64,TD,1603655228
Port Lincoln,-34.73,135.87,51.84,63,60,15.88,AU,1603655228
Okha,53.57,142.95,39.67,91,100,20.45,RU,1603655228
Pāsighāt,28.07,95.33,70.65,81,3,2.55,IN,1603655228
Chapais,49.78,-74.85,28.4,68,75,8.05,CA,1603655076
Kolosovka,56.47,73.61,35.46,97,100,7.27,RU,1603655229
Libreville,0.39,9.45,80.6,78,75,9.17,GA,1603655020
Hachinohe,40.5,141.5,50.0,66,40,10.29,JP,1603655229
Tilichiki,60.47,166.1,30.45,97,100,6.58,RU,1603655229
Pandan,14.05,124.17,79.07,86,100,20.89,PH,1603655230
Kavaratti,10.57,72.64,81.54,77,100,8.59,IN,1603655230
Kostomuksha,64.57,30.58,28.51,98,88,4.81,RU,1603655230
Kalanguy,51.02,116.52,30.2,92,100,2.3,RU,1603655230
Flagstaff,35.2,-111.65,61.0,47,40,23.04,US,1603655209
Mosquera,4.71,-74.23,64.4,63,75,9.17,CO,1603655231
Tsiroanomandidy,-18.77,46.03,72.79,53,38,5.79,MG,1603655231
Piltene,57.22,21.67,51.8,93,0,9.17,LV,1603655231
Dingle,11.0,122.67,75.29,92,100,18.3,PH,1603655231
Bilāspur,22.08,82.15,69.66,61,0,2.64,IN,1603655232
Yinchuan,38.47,106.27,49.98,43,0,2.93,CN,1603655232
Meulaboh,4.14,96.13,76.24,82,100,3.53,ID,1603655057
Quatre Cocos,-20.21,57.76,75.2,73,75,14.99,MU,1603655233
Jalingo,8.88,11.37,79.3,67,38,2.53,NG,1603655233
Clyde River,70.47,-68.59,15.8,78,20,8.05,CA,1603655233
Nkhotakota,-12.93,34.3,77.72,67,0,2.77,MW,1603655234
Khonsa,27.02,95.57,62.98,88,0,3.4,IN,1603655234
Lorengau,-2.02,147.27,81.81,75,100,4.38,PG,1603654998
Dehlorān,32.69,47.27,69.94,22,0,3.56,IR,1603655234
Santa Catalina,9.33,122.86,77.49,87,100,14.5,PH,1603655234
Manadhoo,5.77,73.38,80.67,78,100,10.71,MV,1603655235
Salinópolis,-0.61,-47.36,83.5,71,59,11.83,BR,1603655235
Osa,57.28,55.46,32.58,95,100,3.96,RU,1603655235
Springfield,37.22,-93.3,48.99,75,90,5.82,US,1603655083
Lillesand,58.25,8.38,52.0,93,40,6.93,NO,1603655236
San Carlos del Zulia,9.0,-71.91,88.61,60,100,3.11,VE,1603655236
Hauterive,46.09,3.45,53.6,81,100,9.17,FR,1603655236
Sept-Îles,50.2,-66.38,37.99,43,75,11.41,CA,1603655042
Molteno,-31.4,26.36,57.24,78,66,12.62,ZA,1603655237
Casablanca,33.59,-7.62,64.4,68,20,4.7,MA,1603655097
Port-Gentil,-0.72,8.78,80.6,78,75,11.41,GA,1603655095
Kuah,6.33,99.84,80.6,88,20,2.24,MY,1603655237
Shakawe,-18.37,21.85,80.91,21,43,6.11,BW,1603655237
Jingdezhen,29.29,117.21,60.39,71,97,2.21,CN,1603655238
Vilhena,-12.74,-60.15,87.49,48,94,3.78,BR,1603655238
Balkanabat,39.51,54.37,59.9,34,0,1.34,TM,1603655238
Provideniya,64.38,-173.3,33.21,91,100,3.65,RU,1603655238
Shahrud,36.42,54.98,54.16,41,0,2.39,IR,1603655239
Pāvilosta,56.89,21.19,53.6,87,93,8.05,LV,1603655239
Sterling,39.01,-77.43,46.99,87,90,6.93,US,1603655239
Samur,41.83,48.49,63.34,46,21,4.07,RU,1603655239
Hingoli,19.72,77.15,73.99,79,82,2.95,IN,1603655240
Salamanca,40.83,-6.0,46.0,87,0,11.41,ES,1603655240
Shudayag,63.53,53.61,22.33,98,81,0.92,RU,1603655240
Agadez,19.75,10.25,73.9,20,0,8.23,NE,1603655240
Longyearbyen,78.22,15.64,32.0,92,75,10.29,SJ,1603655241
Laguna,38.42,-121.42,64.99,63,20,9.17,US,1603655074
Talnakh,69.49,88.4,10.4,85,75,13.42,RU,1603655241
Salé,34.04,-6.82,64.0,82,40,5.84,MA,1603655146
Yulara,-25.24,130.99,62.6,33,71,12.75,AU,1603655241
Taksimo,56.34,114.88,27.99,96,100,2.57,RU,1603655242
Bennettsville,34.62,-79.68,68.0,94,90,9.17,US,1603654946
Moerai,-22.43,-151.33,72.41,79,52,21.97,PF,1603655242
San Patricio,28.02,-97.52,84.99,69,75,14.99,US,1603655242
Atambua,-9.11,124.89,75.88,86,100,3.02,ID,1603655242
Valparai,10.37,76.97,77.0,94,40,2.24,IN,1603655243
Bogorodskoye,56.55,37.88,43.29,93,97,7.14,RU,1603655243
Camacupa,-12.02,17.48,69.93,56,55,3.49,AO,1603655243
Guerrero Negro,27.98,-114.06,72.75,59,50,16.89,MX,1603655243
Kuybyshevo,47.81,38.91,51.96,77,100,8.37,RU,1603655244
Nizhniy Odes,63.64,54.86,21.52,98,90,0.49,RU,1603655244
São Gabriel da Cachoeira,-0.13,-67.09,89.49,61,100,0.36,BR,1603655244
Rio Grande,-32.03,-52.1,75.99,80,30,8.99,BR,1603655244
Mount Isa,-20.73,139.5,69.8,32,100,13.87,AU,1603655245
Muncar,-8.43,114.33,76.3,89,53,1.9,ID,1603655245
Luoyang,34.68,112.45,63.0,99,100,2.8,CN,1603655245
Aquidauana,-20.47,-55.79,98.28,35,34,5.28,BR,1603655246
Borgarnes,64.54,-21.92,41.0,80,75,2.24,IS,1603655246
Nanortalik,60.14,-45.24,35.49,84,100,16.49,GL,1603655246
Westport,41.14,-73.36,53.01,50,1,6.93,US,1603655121
Gushikawa,26.35,127.87,71.6,88,1,4.7,JP,1603655247
Trofors,65.53,13.41,37.4,93,75,2.24,NO,1603655247
Evensk,61.95,159.23,32.4,92,100,14.25,RU,1603655247
Marawi,8.0,124.29,73.99,92,100,4.0,PH,1603655247
Yamethin,20.43,96.15,73.35,85,52,2.46,MM,1603655248
Mangai,-4.05,19.53,72.0,98,98,1.92,CD,1603655248
Dunedin,-45.87,170.5,46.99,89,100,7.09,NZ,1603655116
Road Town,18.42,-64.62,84.99,81,40,21.0,VG,1603655152
Tamorong,17.33,120.43,79.61,77,100,11.54,PH,1603655249
Wuwei,37.93,102.64,40.24,65,0,0.69,CN,1603655249
Cabedelo,-6.98,-34.83,80.6,78,40,11.41,BR,1603655249
Hue,16.47,107.6,69.8,100,40,1.12,VN,1603655250
Traralgon,-38.18,146.53,46.99,88,83,6.13,AU,1603655250
Kyren,51.68,102.14,20.62,90,96,0.56,RU,1603655250
Mahébourg,-20.41,57.7,75.2,73,75,14.99,MU,1603655251
Makokou,0.57,12.86,72.1,96,100,3.87,GA,1603655251
Japura,-0.32,102.35,72.81,85,100,2.48,ID,1603655081
Swellendam,-34.02,20.44,64.4,68,100,4.7,ZA,1603655251
Leh,34.17,77.58,27.91,87,99,2.37,IN,1603655252
Bitkine,11.98,18.21,82.09,21,55,6.91,TD,1603655252
Durrës,41.32,19.44,51.8,93,0,4.7,AL,1603655252
Manoel Urbano,-8.84,-69.26,91.49,47,88,5.91,BR,1603655252
Hobyo,5.35,48.53,79.86,81,0,10.58,SO,1603655253
Tura,25.52,90.22,69.04,95,0,2.04,IN,1603655253
Gawler,-34.6,138.73,48.0,73,12,1.01,AU,1603655253
Paamiut,61.99,-49.67,34.63,95,95,24.43,GL,1603655056
Puerto Baquerizo Moreno,-0.9,-89.6,73.4,73,75,10.29,EC,1603655253
Juneau,58.3,-134.42,39.2,51,90,12.75,US,1603655082
Shimoda,34.67,138.95,60.96,61,100,6.93,JP,1603655254
Tortolì,39.93,9.66,62.6,55,5,14.99,IT,1603655254
San Quintín,30.48,-115.95,70.07,60,63,12.06,MX,1603655254
Sawākin,19.11,37.33,83.14,74,17,1.48,SD,1603655255
Tigre,-34.43,-58.58,73.0,88,75,3.36,AR,1603655255
Mehamn,71.04,27.85,33.8,74,0,12.75,NO,1603655255
Cizre,37.33,42.19,66.51,25,100,2.39,TR,1603655255
Liverpool,53.41,-2.98,48.2,81,0,8.05,GB,1603655255
Oytal,42.91,73.27,46.85,51,41,4.7,KZ,1603655256
Casper,42.87,-106.31,9.0,71,90,16.11,US,1603655151
Comodoro Rivadavia,-45.87,-67.5,68.0,31,40,20.8,AR,1603655079
Yangi Marg`ilon,40.43,71.72,48.2,53,0,4.7,UZ,1603655256
Bugene,-1.59,31.14,63.54,80,18,2.26,TZ,1603655256
Homer,59.64,-151.55,46.99,81,90,8.05,US,1603655257
Asău,46.43,26.4,53.01,98,100,2.33,RO,1603655257
Katherine,-14.47,132.27,78.8,74,40,5.82,AU,1603655257
Mazamari,-11.33,-74.53,91.76,38,90,3.22,PE,1603655257
Maragogi,-9.01,-35.22,78.06,80,8,10.69,BR,1603655027
Manitowoc,44.07,-87.8,39.2,60,90,3.36,US,1603655258
Xiaoweizhai,26.19,107.51,61.83,89,100,2.06,CN,1603655258
Brønnøysund,65.46,12.2,46.4,87,90,14.99,NO,1603655258
Mason City,43.15,-93.2,28.99,92,90,9.17,US,1603655258
Mount Gambier,-37.83,140.77,41.0,86,40,8.05,AU,1603655107
Esil,51.96,66.4,48.67,73,100,13.38,KZ,1603655259
Bogandé,12.97,-0.14,85.05,18,78,6.82,BF,1603655259
La Santisima Trinidad,-14.83,-64.9,98.6,47,40,18.34,BO,1603655259
Vila Franca do Campo,37.72,-25.43,62.6,72,20,3.36,PT,1603655260
Nizāmābād,18.67,78.12,72.07,76,28,2.28,IN,1603655260
Severo-Kuril'sk,50.68,156.12,43.74,84,93,5.48,RU,1603655260
Nizwá,22.93,57.53,65.75,32,0,2.19,OM,1603655260
Ternate,0.8,127.4,80.46,76,92,3.71,ID,1603655079
Fasa,28.94,53.65,55.4,28,0,2.46,IR,1603655261
Sulzbach-Rosenberg,49.5,11.75,50.0,87,40,3.94,DE,1603655261
Vitry-le-François,48.73,4.58,51.8,93,90,8.05,FR,1603655261
Santa Isabel Rio Negro,-0.41,-65.02,81.39,81,100,4.65,BR,1603655262
Seda,57.65,25.75,46.99,95,73,1.99,LV,1603655262
Olafsvik,64.89,-23.71,42.75,82,100,27.51,IS,1603655262
San Cristobal,7.77,-72.22,86.0,58,40,11.41,VE,1603655262
Nouakchott,18.09,-15.98,96.8,11,0,9.17,MR,1603655262
Dix Hills,40.8,-73.34,53.01,57,20,9.17,US,1603655263
Payo,-3.75,103.64,73.27,96,100,2.55,ID,1603655263
Palmer,42.16,-72.33,53.01,46,75,10.29,US,1603655263
Schkeuditz,51.4,12.22,57.0,76,0,8.05,DE,1603655264
Zavetnoye,47.12,43.89,52.75,70,71,8.72,RU,1603655264
Kloulklubed,7.04,134.26,75.2,94,75,3.42,PW,1603655094
Angul,20.85,85.1,72.64,68,33,1.77,IN,1603655264
Oktyabr'skoye,43.06,44.74,44.6,70,30,6.71,RU,1603655264
Darnah,32.77,22.64,72.34,75,18,13.06,LY,1603655265
Dudinka,69.41,86.18,10.4,85,75,13.42,RU,1603655265
Gravelbourg,49.88,-106.55,16.81,91,41,11.43,CA,1603655265
Letlhakane,-21.42,25.58,82.53,20,100,13.04,BW,1603655265
Oktyabr'skiy,54.48,53.47,42.91,89,100,7.0,RU,1603655266
Kouango,4.99,19.96,73.89,91,99,1.14,CF,1603655266
Gornopravdinsk,60.05,69.9,30.56,99,99,6.31,RU,1603655266
Russell,32.35,-85.2,77.0,69,90,3.36,US,1603655127
Mora,11.05,14.14,82.44,23,83,4.74,CM,1603655267
Kidal,18.44,1.41,81.0,13,0,10.16,ML,1603655267
Pisco,-13.7,-76.22,69.8,68,0,17.22,PE,1603655267
Coyhaique,-45.58,-72.07,51.8,57,75,5.82,CL,1603655044
Kaiyuan,23.7,103.3,58.48,75,19,1.12,CN,1603655268
Bow Island,49.87,-111.37,17.01,61,20,13.87,CA,1603655268
Pokhara,28.23,83.98,64.83,26,0,5.39,NP,1603655268
Lipin Bor,60.26,37.98,36.0,84,71,8.68,RU,1603655268
Myaundzha,63.05,147.19,11.68,92,100,4.72,RU,1603655269
Aripuanã,-9.17,-60.63,90.16,50,79,2.24,BR,1603655269
Challapata,-18.9,-66.77,63.64,25,11,6.22,BO,1603655269
Mentakab,3.49,102.35,74.32,92,100,1.79,MY,1603655269
‘Ewa Beach,21.32,-158.01,82.4,69,1,3.36,US,1603655270
Acapulco de Juárez,16.86,-99.89,87.8,79,40,5.82,MX,1603655270
Lafiagi,8.87,5.42,81.45,52,86,1.16,NG,1603655270
Kharan,28.58,65.42,57.9,31,0,5.41,PK,1603655270
Saint-Augustin,51.23,-58.65,36.5,72,0,16.8,CA,1603655270
Vetlanda,57.43,15.08,52.0,100,100,9.17,SE,1603655271
Natal,-5.79,-35.21,84.2,70,40,16.11,BR,1603655061
Jalu,29.03,21.55,65.75,48,0,3.94,LY,1603655271
Baharly,38.44,57.43,61.77,29,0,5.61,TM,1603655271
Los Llanos de Aridane,28.66,-17.92,71.6,64,40,11.41,ES,1603655271
Sainte-Suzanne,-20.91,55.61,73.4,69,40,18.34,RE,1603655272
Usinsk,65.99,57.53,21.88,98,95,7.47,RU,1603655272
Solginskiy,61.05,41.34,29.41,97,65,6.15,RU,1603655272
Aguçadoura,41.43,-8.78,53.6,93,40,17.58,PT,1603655272
Semporna,4.48,118.61,75.2,94,20,2.24,MY,1603655272
North Platte,41.12,-100.77,24.8,68,90,13.87,US,1603655273
Ginir,7.13,40.7,57.02,90,0,4.34,ET,1603655273
Morondava,-20.28,44.28,77.47,66,0,5.44,MG,1603655273
Brae,60.4,-1.35,50.0,81,40,17.22,GB,1603655273
Loíza,18.43,-65.88,87.8,70,40,18.34,PR,1603655001
Bushehr,28.97,50.84,77.0,57,0,3.47,IR,1603655274
Djibo,14.1,-1.63,87.35,12,0,8.55,BF,1603655274
Springdale,36.19,-94.13,52.0,81,90,6.93,US,1603655154
Ibrā’,22.69,58.53,64.11,61,0,3.15,OM,1603655274
Kathu,7.92,98.33,82.99,94,75,9.8,TH,1603655275
Araouane,18.9,-3.53,90.1,11,0,6.51,ML,1603655275
Veracruz,19.33,-96.67,89.6,55,40,4.7,MX,1603655275
Ostrovnoy,68.05,39.51,32.05,93,99,7.4,RU,1603655275
Mbeya,-8.9,33.45,63.99,68,44,5.99,TZ,1603655275
Bartica,6.4,-58.62,82.4,83,40,4.7,GY,1603655276
Vega de Alatorre,20.03,-96.63,83.39,65,41,6.64,MX,1603655276
Rocha,-34.48,-54.33,74.73,77,100,13.31,UY,1603655276
Arsk,56.09,49.88,33.8,74,20,8.95,RU,1603655276
Aykhal,66.0,111.5,-4.0,91,0,2.24,RU,1603655276
Crib Point,-38.35,145.2,50.0,80,22,22.82,AU,1603655277
Shitanjing,39.23,106.34,43.34,55,0,9.93,CN,1603655097
Wattegama,6.8,81.48,80.6,83,0,5.82,LK,1603655277
Changping,40.22,116.22,61.0,87,100,2.24,CN,1603655277
Mapastepec,15.43,-92.9,87.46,65,46,4.12,MX,1603655277
Faya,18.39,42.45,64.4,67,0,9.17,SA,1603655110
